{"cameraMode":{"drawMode":0,"name":"Shaded","section":"Shading Mode"},"sceneLighting":true,"audioPlay":false,"sceneViewState":{"showFog":true,"showMaterialUpdate":false,"showSkybox":true,"showFlares":true,"showImageEffects":true,"showParticleSystems":true,"showVisualEffectGraphs":true,"m_FxEnabled":true},"in2DMode":false,"pivot":{"x":-0.029999971389770509,"y":1.6649999618530274,"z":5.099999904632568},"rotation":{"x":0.13492216169834138,"y":-0.6480710506439209,"z":0.11814507842063904,"w":0.7401988506317139},"size":1.0494428873062134,"orthographic":false}